[
  {
    "source": "package/AI_MODEL_VERSION",
    "destination": "/home/pi/alpha2/AI_MODEL_VERSION",
    "backup_required": false
  },
  {
    "source": "package/mobileV2_SM_Train_0628_L100.tflite",
    "destination": "/home/pi/alpha2/models/mobileV2_SM_Train_0628_L100.tflite",
    "backup_required": false
  },
  {
    "source": "package/mobileV2_All_Park_Train_0628_L100.tflite",
    "destination": "/home/pi/alpha2/models/mobileV2_All_Park_Train_0628_L100.tflite",
    "backup_required": false
  },
  {
    "source": "package/check_model_exist.sh",
    "destination": "/home/pi/alpha2/check_model_exist.sh",
    "backup_required": false
  }
]
